{"logo":"http:\/\/dawnthemes.com\/ticketbox\/wp-content\/themes\/ticketbox\/assets\/images\/logo.png","retina_logo":"","rtl":"0","back_to_top":"1","echo-meta-tags":"1","custom-css":"#footer-sidebar .widget.tribe-events-adv-list-widget .tribe-events-widget-link\r\n{\r\n    display:none;\r\n}\r\n.post-type-archive-tribe_events .site-header.has-header-background{\r\n    background-position: center 223%;\r\n}","pre-loading":"1","img-preloading":"http:\/\/dawnthemes.com\/ticketbox\/wp-content\/themes\/ticketbox\/assets\/images\/preloading.gif","comein_effect":"1","main_color":"","secondary_color":"","body_color":"","text_color":"","main_font":[],"secondary_font":[],"navbar_typography":[],"header_layout":"header-1","topbar_bg":"","topbar_color":"","c_email":"support@ticketbox.com","c_phone":"+123 456 789","header_bg_df":"http:\/\/dawnthemes.com\/ticketbox\/wp-content\/uploads\/2016\/12\/3358802-low-strictly-come-dancing-2012.jpg","sticky-menu":"1","sticky_logo":"http:\/\/dawnthemes.com\/ticketbox\/wp-content\/themes\/ticketbox\/assets\/images\/logo.png","top-header-width":"container","header-ajaxsearch":"1","ajaxsearch-type":"popup","blog-layout":"right-sidebar","archive-layout":"right-sidebar","blog-style":"grid","blog-columns":"2","blog-pagination":"loadmore","blog-loadmore-text":"Load More","blog-excerpt-length":"15","blog_show_date":"1","blog_show_comment":"1","blog_show_category":"1","blog_show_tag":"0","blog_show_author":"1","blog_show_readmore":"1","single-layout":"right-sidebar","single_show_date":"1","single_show_category":"1","single_show_author":"1","single_show_tag":"1","single_show_authorbio":"0","single_show_postnav":"1","show_related_posts":"1","related_posts_count":"3","show_post_share":"1","sharing_facebook":"1","sharing_twitter":"1","sharing_google":"1","sharing_linkedIn":"0","sharing_tumblr":"0","sharing_pinterest":"0","sharing_email":"0","events_header_bg_df":"http:\/\/dawnthemes.com\/ticketbox\/wp-content\/uploads\/2017\/03\/events-category-bg.jpg","list-event-style":"grid","list-event-columns":"3","show_entry_date":"1","signle-event-layout":"full-width","event_show_countdown":"1","event_show_share":"1","event-show-related":"1","event-show-navigation":"0","community_event_add_bg":"","price_color":"#f36e0c","woo-cart-nav":"1","woo-shop-layout":"right-sidebar","woo-per-row":"3","woo-per-page":"9","woo-product-layout":"full-width","show-woo-share":"1","woo-fb-share":"1","woo-tw-share":"1","woo-go-share":"1","woo-pi-share":"0","woo-li-share":"0","woo-related-count":"4","facebook-url":"#","twitter-url":"#","google-plus-url":"#","youtube-url":"#","vimeo-url":"#","pinterest-url":"","linkedin-url":"","rss-url":"","instagram-url":"#","github-url":"","behance-url":"","stack-exchange-url":"","tumblr-url":"","soundcloud-url":"","dribbble-url":"","social-target":"_blank","mailchimp_api":"","mailchimp_list":"0","mailchimp_opt_in":"0","mailchimp_welcome_email":"0","mailchimp_group_name":"","mailchimp_group":"","mailchimp_replace_interests":"0","footer_layout":"footer-1","footer-copyright":"","show_footer_social_profile":"1","show_footer_facebook":"1","show_footer_twitter":"1","show_footer_google-plus":"1","show_footer_youtube":"1","show_footer_vimeo":"1","show_footer_pinterest":"0","show_footer_linkedin":"0","show_footer_rss":"0","show_footer_instagram":"1","show_footer_github":"0","show_footer_behance":"0","show_footer_stack-exchange":"0","show_footer_tumblr":"0","show_footer_soundcloud":"0","show_footer_dribbble":"0","footer-color":"0","footer-custom-color":[],"show_register_login":"1","login_title":"Login","register_title":"Create an Account!","forgot_password_title":"Forgot Password?","button_login":"Login","button_register":"Register Now","button_forgot_password":"Get Password","button_class":"","login_redirect_URL":"","register_redirect_URL":"","logout_redirect":"current","Google_Site_Key":"","Google_Secret_Key":"","page_not_found_bg":"http:\/\/dawnthemes.com\/ticketbox\/wp-content\/themes\/ticketbox\/assets\/images\/404-bg.jpg","page_not_found_subtitle":"We are sorry","page_not_found_title":"Page not found"}