[{"main-sidebar":["categories-2","tag_cloud-2","ticketbox_dt_posts_widget-3","recent-comments-2"],"sidebar-shop":["woocommerce_product_search-2","woocommerce_widget_cart-2","woocommerce_top_rated_products-2","woocommerce_layered_nav-2","woocommerce_price_filter-2","woocommerce_recent_reviews-2"],"event-sidebar":["dawnthemes_instagram_widget-2","tribe-events-adv-list-widget-8","ticketbox_dt_posts_widget-4","ticketbox_facebook_widget-2"],"footer-sidebar-1":["dt_aboutus_widget-2","text-2"],"footer-sidebar-2":["tribe-events-adv-list-widget-7"],"footer-sidebar-3":["ticketbox_dt_posts_widget-2"],"footer-sidebar-5":["nav_menu-7","dt_widget_mailchimp-3"]},{"categories":{"2":{"title":"","count":0,"hierarchical":0,"dropdown":0},"_multiwidget":1},"tag_cloud":{"2":{"title":"","taxonomy":"post_tag"},"_multiwidget":1},"ticketbox_dt_posts_widget":{"3":{"title":"Recent Posts","orderby":"date","show_date":"1","number":"4"},"4":{"title":"News","orderby":"date","show_date":"1","number":"4"},"2":{"title":"Recent Posts.","orderby":"date","show_date":"1","number":"4"},"_multiwidget":1},"recent-comments":{"2":{"title":"","number":5},"_multiwidget":1},"woocommerce_product_search":{"2":{"title":""},"_multiwidget":1},"woocommerce_widget_cart":{"2":{"title":"Cart","hide_if_empty":1},"_multiwidget":1},"woocommerce_top_rated_products":{"2":{"title":"Top Rated","number":3},"_multiwidget":1},"woocommerce_layered_nav":{"2":{"title":"Filter by","attribute":"color","display_type":"list","query_type":"and"},"_multiwidget":1},"woocommerce_price_filter":{"2":{"title":"Filter by price"},"_multiwidget":1},"woocommerce_recent_reviews":{"2":{"title":"Recent Reviews","number":3},"_multiwidget":1},"dawnthemes_instagram_widget":{"2":{"title":"Instagram Gallery","username":"DawnThemes","images_number":"9","refresh_hour":"5"},"_multiwidget":1},"tribe-events-adv-list-widget":{"8":{"title":"Upcoming Events","limit":"5","no_upcoming_events":false,"featured_events_only":false,"jsonld_enable":1,"venue":"","country":"1","address":"","city":"1","region":"1","zip":"","phone":"","cost":"","organizer":"","tribe_is_list_widget":"","operand":"OR","filters":""},"7":{"title":"Upcoming Events","limit":"4","no_upcoming_events":false,"featured_events_only":false,"jsonld_enable":1,"venue":"","country":"1","address":"","city":"1","region":"1","zip":"","phone":"","cost":"","organizer":"","tribe_is_list_widget":"","operand":"OR","filters":""},"_multiwidget":1},"ticketbox_facebook_widget":{"2":{"title":"Facebook Fanpage","fanpage":"Envato","width":"370"},"_multiwidget":1},"dt_aboutus_widget":{"2":{"title":"About us.","content":"TicketBox is a very elegantly designed WordPress theme built to create a website for Concert, Conferences, Events, Meetups, Sports and Exhibitions. The theme will help you to Sell conference ticket online by using Event Tickets Plus or you can also sell your event ticket using WooCommerce, to add daily schedules, to promote your speakers, to organize and create awesome Events and much more.","social":null},"_multiwidget":1},"text":{"2":{"title":"","text":"<p>Address: 123 Street, Province, Country<\/p>\r\n<p>Phone: +1. 123 456 78 \/ 1. 111 222 333<\/p>\r\n<p><a href=\"mailto:info@ticketbox.me\">Email: info@ticketbox.com<\/a><\/p>","filter":false},"_multiwidget":1},"nav_menu":{"7":{"title":"Be Part of It.","nav_menu":4},"_multiwidget":1},"dt_widget_mailchimp":{"3":{"title":"Newsletter.","info":"Don't miss our events..."},"_multiwidget":1}}]